{
  "type1": {
    "mean_abs_div_threshold": 20.57023703044897,
    "slope_dev_threshold": 0.4790521553092419,
    "val_rmse_zscore_threshold": 1.8967057741021605
  },
  "type2": {
    "mono_rate_threshold": 0.0657894736842105,
    "val_rmse_threshold": 9.389848673843249,
    "max_jump_threshold": 4.52911376953125
  }
}