{
  "ensemble_rmse_mean": 5.482420269956773,
  "ensemble_rmse_std": 1.384950100194643,
  "ensemble_rmse_median": 5.535113820271094,
  "ensemble_rmse_min": 2.43639473520707,
  "ensemble_rmse_max": 9.204485290504413,
  "best_experiment": "Exp_054",
  "best_rmse": 2.43639473520707
}