{
  "training_time_seconds": {
    "RF": {
      "mean": 7.619607545001199,
      "std": 2.5549016275154424,
      "min": 3.0824324999703094,
      "max": 12.708575300057419
    },
    "XGB": {
      "mean": 0.1535745370015502,
      "std": 0.048962012534961775,
      "min": 0.09677980002015829,
      "max": 0.38084799994248897
    },
    "SVR": {
      "mean": 7.467792258001864,
      "std": 1.2454118446801064,
      "min": 5.528715200023726,
      "max": 10.739730900037102
    },
    "LSTM": {
      "mean": 97.78718340300139,
      "std": 21.46717780250207,
      "min": 43.33970330003649,
      "max": 154.94021899998188
    },
    "CNN": {
      "mean": 18.02046878299676,
      "std": 5.4480123018412945,
      "min": 8.639554199995473,
      "max": 38.62508450006135
    },
    "Transformer": {
      "mean": 117.76085409900406,
      "std": 48.25096454388654,
      "min": 35.47939240001142,
      "max": 267.52997099992353
    }
  },
  "inference_time_per_cycle_ms": {
    "RF": {
      "mean": 0.0226235359198006,
      "std": 0.0034305164492797273
    },
    "XGB": {
      "mean": 0.00558869933764286,
      "std": 0.0008017643343974514
    },
    "SVR": {
      "mean": 0.809098326858267,
      "std": 0.06630113620464066
    },
    "LSTM": {
      "mean": 2.3315794575195516,
      "std": 0.16298984065976835
    },
    "CNN": {
      "mean": 0.8109581372487584,
      "std": 0.0744585863439925
    },
    "Transformer": {
      "mean": 1.6554859412523608,
      "std": 0.3855237816036038
    }
  },
  "total_training_time_seconds": {
    "RF": 761.96075450012,
    "XGB": 15.35745370015502,
    "SVR": 746.7792258001864,
    "LSTM": 9778.71834030014,
    "CNN": 1802.0468782996759,
    "Transformer": 11776.085409900406
  },
  "ensemble_inference_per_cycle_ms": 5.635334098136381,
  "n_experiments": 100,
  "note": "Training time per model per experiment. Inference time = total test prediction / N_PRED cycles. Ensemble inference = sum of all 6 model inference times."
}