{
  "individual_models_test": {
    "RF": {
      "rmse_mean": 7.738457763095259,
      "rmse_std": 1.688288259348185,
      "mae_mean": 5.551410488413788,
      "mae_std": 1.293014760847541,
      "r2_mean": 0.967839689440604,
      "r2_std": 0.01296709504686414
    },
    "XGB": {
      "rmse_mean": 11.684345120252786,
      "rmse_std": 8.021409781202973,
      "mae_mean": 9.75588684599384,
      "mae_std": 6.802378523418506,
      "r2_mean": 0.897026519599887,
      "r2_std": 0.13276476647064292
    },
    "SVR": {
      "rmse_mean": 6.934787867606988,
      "rmse_std": 0.5456617113544456,
      "mae_mean": 5.245761716632794,
      "mae_std": 0.28061771487256687,
      "r2_mean": 0.9751935939139025,
      "r2_std": 0.003833346609793789
    },
    "LSTM": {
      "rmse_mean": 8.15117595070525,
      "rmse_std": 1.8131519452575593,
      "mae_mean": 6.591448704432818,
      "mae_std": 1.2821524741551162,
      "r2_mean": 0.9642536623260696,
      "r2_std": 0.01615849419868205
    },
    "CNN": {
      "rmse_mean": 10.471352786321122,
      "rmse_std": 2.2708133026613635,
      "mae_mean": 8.471408209301094,
      "mae_std": 1.864598656176096,
      "r2_mean": 0.9411453406197168,
      "r2_std": 0.025716175636808777
    },
    "Transformer": {
      "rmse_mean": 5.560079674720686,
      "rmse_std": 2.5879485599394196,
      "mae_mean": 4.062740666628662,
      "mae_std": 1.640402811334861,
      "r2_mean": 0.9807184054657546,
      "r2_std": 0.02042824306874111
    }
  },
  "meta_ensemble_test": {
    "rmse": 4.682587275221249,
    "mae": 4.010193885629098,
    "r2": 0.9756708753508305
  }
}